{"errors":[],"warnings":[],"namedChunkGroups":{"app":{"chunks":[14,4],"assets":["webpack-runtime-8709019086a4ded384fa.js","webpack-runtime-8709019086a4ded384fa.js.map","app-f69b8de93f61f02f9880.js","app-f69b8de93f61f02f9880.js.map"],"children":{},"childAssets":{}},"component---node-modules-gatsby-plugin-offline-app-shell-js":{"chunks":[5],"assets":["component---node-modules-gatsby-plugin-offline-app-shell-js-fbc682b72a9e2f8e430a.js","component---node-modules-gatsby-plugin-offline-app-shell-js-fbc682b72a9e2f8e430a.js.map"],"children":{},"childAssets":{}},"component---src-templates-post-jsx":{"chunks":[0,2,12,1,6],"assets":["0.2f3106b18abb0f358cd1.css","0-1671f7163350f4229058.js","0-1671f7163350f4229058.js.map","2-f9a327b0ec94cf19ca8b.js","2-f9a327b0ec94cf19ca8b.js.map","12-a252fa7a6442cb43e8eb.js","12-a252fa7a6442cb43e8eb.js.map","1.280375e59f35b4484c2f.css","1-d407797fad7d93a31d55.js","1-d407797fad7d93a31d55.js.map","component---src-templates-post-jsx.78a3e977876ea4ed83e6.css","component---src-templates-post-jsx-b92b6be765066444cdf3.js","component---src-templates-post-jsx-b92b6be765066444cdf3.js.map"],"children":{},"childAssets":{}},"component---src-templates-tag-jsx":{"chunks":[0,2,1,3,7],"assets":["0.2f3106b18abb0f358cd1.css","0-1671f7163350f4229058.js","0-1671f7163350f4229058.js.map","2-f9a327b0ec94cf19ca8b.js","2-f9a327b0ec94cf19ca8b.js.map","1.280375e59f35b4484c2f.css","1-d407797fad7d93a31d55.js","1-d407797fad7d93a31d55.js.map","3.bbd38343a764fec7c7f9.css","3-a7fe7bb61982b9cae40c.js","3-a7fe7bb61982b9cae40c.js.map","component---src-templates-tag-jsx-bf63933f105cd4b65902.js","component---src-templates-tag-jsx-bf63933f105cd4b65902.js.map"],"children":{},"childAssets":{}},"component---src-templates-category-jsx":{"chunks":[0,2,1,3,8],"assets":["0.2f3106b18abb0f358cd1.css","0-1671f7163350f4229058.js","0-1671f7163350f4229058.js.map","2-f9a327b0ec94cf19ca8b.js","2-f9a327b0ec94cf19ca8b.js.map","1.280375e59f35b4484c2f.css","1-d407797fad7d93a31d55.js","1-d407797fad7d93a31d55.js.map","3.bbd38343a764fec7c7f9.css","3-a7fe7bb61982b9cae40c.js","3-a7fe7bb61982b9cae40c.js.map","component---src-templates-category-jsx-09771d9f7a9ea03b8c62.js","component---src-templates-category-jsx-09771d9f7a9ea03b8c62.js.map"],"children":{},"childAssets":{}},"component---src-pages-about-jsx":{"chunks":[0,1,9],"assets":["0.2f3106b18abb0f358cd1.css","0-1671f7163350f4229058.js","0-1671f7163350f4229058.js.map","1.280375e59f35b4484c2f.css","1-d407797fad7d93a31d55.js","1-d407797fad7d93a31d55.js.map","component---src-pages-about-jsx.a79205aabfca2cf49f2c.css","component---src-pages-about-jsx-47c3013456fe75a554a5.js","component---src-pages-about-jsx-47c3013456fe75a554a5.js.map"],"children":{},"childAssets":{}},"component---src-pages-index-jsx":{"chunks":[0,2,1,3,10],"assets":["0.2f3106b18abb0f358cd1.css","0-1671f7163350f4229058.js","0-1671f7163350f4229058.js.map","2-f9a327b0ec94cf19ca8b.js","2-f9a327b0ec94cf19ca8b.js.map","1.280375e59f35b4484c2f.css","1-d407797fad7d93a31d55.js","1-d407797fad7d93a31d55.js.map","3.bbd38343a764fec7c7f9.css","3-a7fe7bb61982b9cae40c.js","3-a7fe7bb61982b9cae40c.js.map","component---src-pages-index-jsx-ae564d4e9e9caf20c5be.js","component---src-pages-index-jsx-ae564d4e9e9caf20c5be.js.map"],"children":{},"childAssets":{}},"pages-manifest":{"chunks":[11],"assets":["pages-manifest-7fe7d772f5c03a304c64.js","pages-manifest-7fe7d772f5c03a304c64.js.map"],"children":{},"childAssets":{}}},"assetsByChunkName":{"app":["webpack-runtime-8709019086a4ded384fa.js","app-f69b8de93f61f02f9880.js"],"component---node-modules-gatsby-plugin-offline-app-shell-js":["component---node-modules-gatsby-plugin-offline-app-shell-js-fbc682b72a9e2f8e430a.js"],"component---src-templates-post-jsx":["0.2f3106b18abb0f358cd1.css","0-1671f7163350f4229058.js","2-f9a327b0ec94cf19ca8b.js","12-a252fa7a6442cb43e8eb.js","1.280375e59f35b4484c2f.css","1-d407797fad7d93a31d55.js","component---src-templates-post-jsx.78a3e977876ea4ed83e6.css","component---src-templates-post-jsx-b92b6be765066444cdf3.js"],"component---src-templates-tag-jsx":["0.2f3106b18abb0f358cd1.css","0-1671f7163350f4229058.js","2-f9a327b0ec94cf19ca8b.js","1.280375e59f35b4484c2f.css","1-d407797fad7d93a31d55.js","3.bbd38343a764fec7c7f9.css","3-a7fe7bb61982b9cae40c.js","component---src-templates-tag-jsx-bf63933f105cd4b65902.js"],"component---src-templates-category-jsx":["0.2f3106b18abb0f358cd1.css","0-1671f7163350f4229058.js","2-f9a327b0ec94cf19ca8b.js","1.280375e59f35b4484c2f.css","1-d407797fad7d93a31d55.js","3.bbd38343a764fec7c7f9.css","3-a7fe7bb61982b9cae40c.js","component---src-templates-category-jsx-09771d9f7a9ea03b8c62.js"],"component---src-pages-about-jsx":["0.2f3106b18abb0f358cd1.css","0-1671f7163350f4229058.js","1.280375e59f35b4484c2f.css","1-d407797fad7d93a31d55.js","component---src-pages-about-jsx.a79205aabfca2cf49f2c.css","component---src-pages-about-jsx-47c3013456fe75a554a5.js"],"component---src-pages-index-jsx":["0.2f3106b18abb0f358cd1.css","0-1671f7163350f4229058.js","2-f9a327b0ec94cf19ca8b.js","1.280375e59f35b4484c2f.css","1-d407797fad7d93a31d55.js","3.bbd38343a764fec7c7f9.css","3-a7fe7bb61982b9cae40c.js","component---src-pages-index-jsx-ae564d4e9e9caf20c5be.js"],"pages-manifest":["pages-manifest-7fe7d772f5c03a304c64.js"]}}